{"cameraMode":{"drawMode":0,"name":"Shaded","section":"Shading Mode"},"sceneLighting":true,"audioPlay":false,"sceneViewState":{"m_AlwaysRefresh":false,"showFog":true,"showSkybox":true,"showFlares":true,"showImageEffects":true,"showParticleSystems":true,"showVisualEffectGraphs":true,"m_FxEnabled":true},"in2DMode":false,"pivot":{"x":10.133885383605957,"y":-17.610658645629884,"z":-36.91577911376953},"rotation":{"x":-0.610848605632782,"y":-0.020959632471203805,"z":0.016437923535704614,"w":-0.7914614677429199},"size":44.45500183105469,"orthographic":false}