{"cameraMode":{"drawMode":0,"name":"Shaded","section":"Shading Mode"},"sceneLighting":true,"audioPlay":false,"sceneViewState":{"m_AlwaysRefresh":false,"showFog":true,"showSkybox":true,"showFlares":true,"showImageEffects":true,"showParticleSystems":true,"showVisualEffectGraphs":true,"m_FxEnabled":true},"in2DMode":false,"pivot":{"x":-3.6215620040893556,"y":-1.2148175239562989,"z":18.76091766357422},"rotation":{"x":-0.4215043783187866,"y":0.07915645092725754,"z":-0.036748431622982028,"w":-0.9027509093284607},"size":20.933181762695314,"orthographic":false}