{"cameraMode":{"drawMode":0,"name":"Shaded","section":"Shading Mode"},"sceneLighting":true,"audioPlay":false,"sceneViewState":{"m_AlwaysRefresh":false,"showFog":true,"showSkybox":true,"showFlares":true,"showImageEffects":true,"showParticleSystems":true,"showVisualEffectGraphs":true,"m_FxEnabled":true},"in2DMode":false,"pivot":{"x":0.47887420654296877,"y":8.94415283203125,"z":-11.451858520507813},"rotation":{"x":0.10863728076219559,"y":0.8739421367645264,"z":-0.22961348295211793,"w":0.4145631194114685},"size":13.838905334472657,"orthographic":false}