{"cameraMode":{"drawMode":0,"name":"Shaded","section":"Shading Mode"},"sceneLighting":true,"audioPlay":false,"sceneViewState":{"m_AlwaysRefresh":false,"showFog":true,"showSkybox":true,"showFlares":true,"showImageEffects":true,"showParticleSystems":true,"showVisualEffectGraphs":true,"m_FxEnabled":true},"in2DMode":false,"pivot":{"x":-3.6286377906799318,"y":4.386963844299316,"z":3.391749858856201},"rotation":{"x":-0.07167072594165802,"y":0.12874530255794526,"z":-0.009238135069608689,"w":-0.9892591834068298},"size":7.375750541687012,"orthographic":false}