{"cameraMode":{"drawMode":0,"name":"Shaded","section":"Shading Mode"},"sceneLighting":false,"audioPlay":false,"sceneViewState":{"m_AlwaysRefresh":false,"showFog":true,"showSkybox":false,"showFlares":true,"showImageEffects":true,"showParticleSystems":true,"showVisualEffectGraphs":true,"m_FxEnabled":true},"in2DMode":false,"pivot":{"x":0.2654499411582947,"y":5.914782524108887,"z":0.009078502655029297},"rotation":{"x":-0.14055490493774415,"y":0.7226836681365967,"z":-0.1544116884469986,"w":-0.6591640114784241},"size":0.8172041773796082,"orthographic":false}